chart_id,top1_correct,top1_score,top2_score,margin_abs,margin_norm,top1_prob,n_candidates,q,qp
39810000,0,0.8792392951467625,0.8762250000475853,0.0030142950991771666,0.007697566403525546,0.07882986900876075,15,Q1 (low),Q4 (high)
39810100,0,0.9171573947732716,0.8767634249484573,0.04039396982481436,0.04736971776278173,0.05184284428214984,32,Q3,Q2
39810300,0,0.8358865627878316,0.8259227549136419,0.009963807874189712,0.019071455982150036,0.05381433383997563,23,Q1 (low),Q2
39810400,0,0.7659515860701989,0.751325679837547,0.01462590623265192,0.021926023738448257,0.031255921878240174,42,Q2,Q1 (low)
39810500,0,0.822616783490721,0.8049062456333607,0.01771053785736032,0.026959961626698097,0.04148610463233452,32,Q2,Q2
39810600,0,0.8420788100626393,0.8243516941215161,0.017727115941123195,0.03627762884814662,0.057816024622401575,21,Q2,Q3
39810700,1,0.806157854513772,0.7818181181010175,0.024339736412754442,0.031154427440884737,0.019077256138159176,82,Q3,Q1 (low)
39810800,0,0.8304409539230415,0.8175947410225517,0.012846212900489817,0.01760883744994312,0.039510453448203885,35,Q2,Q2
39810900,0,0.8677890912991706,0.8647318355860268,0.0030572557131437472,0.005537582698880284,0.08478832524566118,15,Q1 (low),Q4 (high)
39811000,0,0.9031964164943741,0.8541347119540363,0.04906170454033776,0.060817014599706225,0.0678066921857147,22,Q4 (high),Q3
39811100,0,0.9439381808233022,0.8992540882399147,0.04468409258338746,0.05801630997009359,0.04667836925292629,32,Q4 (high),Q2
39811200,1,0.8734001849003825,0.8445113197588179,0.028888865141564635,0.04885498845585987,0.06998646389352194,18,Q3,Q3
39811300,0,0.8891946972687936,0.8836198949152614,0.005574802353532249,0.0079722658273049,0.06730961533668696,19,Q1 (low),Q3
39811400,1,0.9088997577505326,0.8681917315889208,0.04070802616161173,0.051323683810516746,0.045859137270186,31,Q3,Q2
39811500,0,0.8562517075490823,0.7905592054354826,0.06569250211359967,0.08525961314637837,0.03995249102261917,37,Q4 (high),Q2
39811600,0,0.8557461286269861,0.8367035032232268,0.019042625403759228,0.03816126528747688,0.0657944093929928,18,Q2,Q3
39811700,0,0.8709645959130103,0.8304326210110757,0.04053197490193461,0.06891750687549789,0.06703296763812601,18,Q3,Q3
39811800,0,0.8386920843531425,0.8066598553689699,0.03203222898417257,0.06235414564117486,0.05536111174524565,22,Q3,Q3
39811900,0,0.884904001244798,0.8815234715780431,0.003380529666754839,0.004165998070963703,0.0631225218989174,22,Q1 (low),Q3
39812000,0,0.7467858354827512,0.7340548699269556,0.01273096555579567,0.02111063610874394,0.0225978677138192,58,Q2,Q1 (low)
39812100,0,0.893290172716711,0.8661699951066865,0.0271201776100245,0.054367069179267966,0.08674337512789773,14,Q3,Q4 (high)
39812200,0,0.8200579830026868,0.8142469683747279,0.005811014627958966,0.007731668512693384,0.046456501283184896,29,Q1 (low),Q2
39812300,0,0.8513218448326286,0.8457843018630532,0.005537542969575426,0.01253930440865745,0.09068723119033395,13,Q1 (low),Q4 (high)
39812400,0,0.9425484584843695,0.9281170934661032,0.014431365018266362,0.018749669308541408,0.058456317341036325,25,Q2,Q3
39812500,0,0.871742431495964,0.8324463507662168,0.03929608072974722,0.06092354623842957,0.05711498304447966,22,Q3,Q3
39812600,0,0.9314144447952244,0.889637935200793,0.041776509594431355,0.07008107662106167,0.09174678753998478,14,Q4 (high),Q4 (high)
39812700,0,0.9013278358511357,0.8970274178669899,0.004300417984145821,0.007924358452877882,0.09468153952004531,13,Q1 (low),Q4 (high)
39812800,0,0.845661881115648,0.8237731075243546,0.021888773591293376,0.033060439712529574,0.044592124155414546,30,Q3,Q2
39812900,0,0.9297819589861077,0.9027033560906028,0.0270786028955049,0.04769033761370539,0.08312277849701644,15,Q3,Q4 (high)
39813000,0,0.7071994229643483,0.6921775838711435,0.01502183909320487,0.02537147264671485,0.025517745065420306,50,Q2,Q1 (low)
39813100,0,0.8052970697621962,0.7963924039724913,0.008904665789704835,0.012936089530379856,0.04465899307807652,28,Q1 (low),Q2
39813200,0,0.870682049869655,0.8129618083440615,0.05772024152559352,0.11080732955768688,0.06818164171161502,18,Q4 (high),Q3
39813300,0,0.9142470425357317,0.8724297539858674,0.04181728854986433,0.07660957884799859,0.07863015333648217,16,Q4 (high),Q4 (high)
39813400,0,0.7427674744191258,0.742664975268944,0.00010249915018178957,0.00019715599979220334,0.03223476184844467,38,Q1 (low),Q1 (low)
39813500,0,0.8167201585427243,0.8096806255468034,0.007039532995920861,0.009271570147828055,0.03697215496666325,37,Q1 (low),Q1 (low)
39813600,0,0.8085054389542632,0.7775925605769352,0.030912878377328035,0.048227082477581555,0.0347507275985964,40,Q3,Q1 (low)
39813700,1,0.857333014021806,0.8275954808195229,0.029737533202283006,0.04146529081189183,0.056166976777897865,25,Q3,Q3
39813800,0,0.8265097081988346,0.7703688962691873,0.05614081192964737,0.08025768361545495,0.03476786825250071,38,Q4 (high),Q1 (low)
39813900,0,0.8401638927223327,0.8393925945482417,0.0007712981740910507,0.0013344353287242493,0.05281490584509785,24,Q1 (low),Q2
39814000,0,0.7921605799604624,0.7912224008694234,0.0009381790910389931,0.001371139948580733,0.03660889072854598,38,Q1 (low),Q1 (low)
39814100,0,0.7862644234954305,0.779273150000716,0.006991273494714512,0.01521863839854057,0.05784107192760794,21,Q1 (low),Q3
39814200,0,0.8442837298576108,0.7778294653054789,0.06645426455213188,0.10242106361447474,0.05309170165171495,25,Q4 (high),Q2
39814300,0,0.7726623961507724,0.744633689950191,0.0280287062005814,0.042287509408641955,0.03729087692864227,34,Q3,Q1 (low)
39814400,0,0.8444359146400795,0.8420154821445152,0.0024204324955643397,0.005190502886665308,0.06530416373157091,18,Q1 (low),Q3
39814500,0,0.8557690193720678,0.827946550670799,0.02782246870126881,0.06120956035252355,0.06669498270676426,18,Q3,Q3
39814600,0,0.8585970713953457,0.8180511411770635,0.04054593021828223,0.07317744551418348,0.05349893533442865,23,Q3,Q2
39814700,0,0.7630257623747656,0.7481570480081827,0.01486871436658288,0.02150941903537155,0.026623091787857732,49,Q2,Q1 (low)
39814800,0,0.8817866948593138,0.865950800020495,0.015835894838818865,0.02649460027099824,0.07101456997353081,17,Q2,Q3
39814900,0,0.8028697282534978,0.7796656693499627,0.023204058903535052,0.03545299882896608,0.03875545823609442,34,Q3,Q1 (low)
39815000,1,0.9380394358189059,0.9150060416048253,0.02303339421408057,0.04031670054272265,0.08259622940117882,15,Q3,Q4 (high)
39815100,0,0.8891974196506764,0.8404952498472202,0.04870216980345621,0.06082785030430378,0.047273781037019465,31,Q4 (high),Q2
39815200,0,0.8394936605790736,0.7850136510467871,0.05448000953228649,0.07148316509585873,0.055409984308370686,25,Q4 (high),Q3
39815300,0,0.8867454054056545,0.8410812219314097,0.045664183474244835,0.05794658989248452,0.04259281420303449,34,Q4 (high),Q2
39815400,0,0.8220451740811887,0.7873440274974645,0.03470114658372425,0.04900328134828313,0.0324695039120579,43,Q3,Q1 (low)
39815500,0,0.9170821332080048,0.8716822420660066,0.04539989114199816,0.05404507582033474,0.05357194499528774,27,Q4 (high),Q2
39815600,0,0.8593379682814266,0.8178285982942012,0.04150936998722543,0.05387111978841324,0.04397093562004284,32,Q4 (high),Q2
39815700,1,0.889490020971729,0.8624111484666442,0.027078872505084783,0.03807023176165882,0.0405594245287378,36,Q3,Q2
39815800,0,0.9028375598797955,0.8842273112099469,0.018610248669848617,0.036195028339572,0.0895558940651049,14,Q2,Q4 (high)
39815900,0,0.8200106549373594,0.7884153677207844,0.03159528721657501,0.04251058651158998,0.03744736505268427,36,Q3,Q1 (low)
39816000,0,0.8270069231712606,0.8256066374228628,0.0014002857483977893,0.0032446178346655394,0.06443281375669725,18,Q1 (low),Q3
39816100,0,0.8379504617555189,0.8305548387888616,0.0073956229666573,0.00914270240196601,0.04541393663452357,31,Q1 (low),Q2
39816200,1,0.88793167941003,0.8670146982544019,0.020916981155628123,0.026507732095093228,0.061556267984003876,23,Q2,Q3
39816300,0,0.8202181561811772,0.8196727780432946,0.0005453781378825795,0.0008237881726808675,0.04361034825630933,29,Q1 (low),Q2
39816400,0,0.8866783129996876,0.8215718964690374,0.06510641653065019,0.11027303438296786,0.07176705306188423,18,Q4 (high),Q3
39816500,0,0.8943736302221235,0.8920482266783314,0.0023254035437920706,0.0030219525059056594,0.05285657478223127,26,Q1 (low),Q2
39816600,1,0.8167493883748005,0.8121970798683054,0.0045523085064951285,0.007939072416958947,0.048839949210625684,25,Q1 (low),Q2
39816700,0,0.8851389437590221,0.8269914333234744,0.05814751043554778,0.11006308514683381,0.07551712467726697,16,Q4 (high),Q4 (high)
39816800,0,0.935702684300824,0.8910150037513576,0.04468768054946648,0.0813233588244671,0.09005286715690675,14,Q4 (high),Q4 (high)
39816900,0,0.9027927552387358,0.8055949862943553,0.09719776894438048,0.11424482015133232,0.020943136051611973,82,Q4 (high),Q1 (low)
39817000,0,0.7461602743197522,0.7376884540137385,0.008471820306013678,0.013332317627891823,0.025182180940743846,52,Q1 (low),Q1 (low)
39817100,0,0.8860066851510264,0.8512252777750378,0.03478140737598867,0.042458721220446555,0.0483195203712172,29,Q3,Q2
39817200,0,0.8504830834008235,0.8444208746637125,0.006062208737110941,0.015897817511605846,0.07636486073588,15,Q1 (low),Q4 (high)
39817300,0,0.7358721509193507,0.6972707732186095,0.038601377700741124,0.05859973556372887,0.024811332939365546,53,Q3,Q1 (low)
39817400,0,0.891308210127822,0.8905674818226645,0.0007407283051574787,0.00119628236447708,0.09570532420053626,13,Q1 (low),Q4 (high)
39817500,0,0.8933586575569927,0.8266641177588346,0.06669453979815809,0.09205516777684897,0.05733062458123832,23,Q4 (high),Q3
39817600,0,0.8778590956215332,0.8754747914939065,0.0023843041276266908,0.0030452906794270797,0.0383736029869058,37,Q1 (low),Q1 (low)
39817700,0,0.86956432679492,0.8553266382402049,0.014237688554715078,0.024897728220799643,0.07387220507818981,16,Q2,Q4 (high)
39817800,0,0.7720712076748799,0.7574915537505409,0.01457965392433902,0.020498702993755957,0.034058248489849195,39,Q2,Q1 (low)
39817900,0,0.8550819725975525,0.8386909891333592,0.01639098346419332,0.02900106775355919,0.04572222643019925,28,Q2,Q2
39818000,0,0.8790110449251463,0.8641553437861498,0.01485570113899648,0.022186795170045338,0.062204105919886954,20,Q2,Q3
39818100,0,0.6376536333144901,0.6199367256303379,0.01771690768415224,0.03350305754963861,0.013478187969519958,99,Q2,Q1 (low)
39818200,0,0.8713122402702529,0.8621763071107583,0.00913593315949457,0.01712932706438062,0.08554276479756089,14,Q1 (low),Q4 (high)
39818300,0,0.8955832139902403,0.8780913927498799,0.017491821240360417,0.031320703811664144,0.06703392353366282,19,Q2,Q3
39818400,0,0.9080569464120769,0.849934258340636,0.05812268807144094,0.07825962599506879,0.05561583000976017,25,Q4 (high),Q3
39818500,0,0.8759417238554322,0.8508953129359298,0.025046410919502438,0.05743218475883259,0.08497410391602479,14,Q3,Q4 (high)
39818600,0,0.7530049525236222,0.7382215037042692,0.014783448819353007,0.020734647738650105,0.028541192423518675,47,Q2,Q1 (low)
39818700,0,0.8606243177780282,0.8246161803406279,0.03600813743740028,0.0620412566061956,0.06343080800854295,20,Q3,Q3
39818800,0,0.8637028152277966,0.8464672135155172,0.017235601712279336,0.0234100751432697,0.04683244934092714,29,Q2,Q2
39818900,0,0.7913517520204275,0.7694641726680205,0.02188757935240704,0.028512673096124916,0.03475001218995751,40,Q3,Q1 (low)
39819000,0,0.9220490503483363,0.9096562416605851,0.012392808687751167,0.02029176838239785,0.0899050775803613,14,Q2,Q4 (high)
39819100,0,0.8098576544669537,0.7892899308952642,0.020567723571689456,0.028320783616328313,0.03304919202013359,42,Q2,Q1 (low)
39819200,1,0.893225801079865,0.8701005385583935,0.023125262521471512,0.03330651551294274,0.04854639152143281,29,Q3,Q2
39819300,0,0.891893460981756,0.8863383957646409,0.005555065217115129,0.01036747070702613,0.0747330813580699,16,Q1 (low),Q4 (high)
39819400,0,0.8951127617690533,0.8134151375502028,0.08169762421885052,0.1561272927310008,0.08813561456463287,15,Q4 (high),Q4 (high)
39819500,0,0.8823483267039582,0.8564032910510901,0.025945035652868098,0.05180338764858434,0.0760560960404114,16,Q3,Q4 (high)
39819600,0,0.8543804169939326,0.8207110405396894,0.03366937645424328,0.08680194816258138,0.06788512788624222,17,Q3,Q3
39819700,0,0.854991517492153,0.8264817842739729,0.028509733218180067,0.06466506033346184,0.0787370285236397,15,Q3,Q4 (high)
39819800,0,0.8735769703595808,0.8696308412030103,0.003946129156570555,0.007386447210880352,0.07007425666704527,17,Q1 (low),Q3
39819900,0,0.8845680049044666,0.8433024096487833,0.041265595255683296,0.06946068094964931,0.07912328153234255,16,Q4 (high),Q4 (high)
39820000,0,0.8666286399524568,0.8638187195020633,0.0028099204503934105,0.006371625856152338,0.08598077636767605,14,Q1 (low),Q4 (high)
39820100,0,0.8987089009974257,0.8783957812757522,0.02031311972167349,0.025173495264339915,0.05444390585439618,25,Q2,Q3
39820200,1,0.7618758607949399,0.6682988323090259,0.09357702848591398,0.1419992765061691,0.015059905570771559,99,Q4 (high),Q1 (low)
39820300,0,0.8682383198987651,0.8254271812298255,0.0428111386689396,0.05216935809775332,0.03807636314280834,44,Q4 (high),Q1 (low)
39820400,0,0.8788325703213196,0.8619480485755044,0.016884521745815118,0.024088283683530012,0.04288616468538607,32,Q2,Q2
39820500,0,0.8850010235028649,0.8237642986999816,0.061236724802883336,0.07572389841549622,0.021161672470305128,82,Q4 (high),Q1 (low)
39820600,0,0.8122181049755798,0.787449337190356,0.024768767785223744,0.033674961637450915,0.03658020458422657,36,Q3,Q1 (low)
39820700,0,0.9147938835764369,0.8073855899481948,0.10740829362824211,0.23012005745162845,0.09425959165751369,13,Q4 (high),Q4 (high)
39820800,0,0.8990481348374919,0.8719009353154434,0.02714719952204847,0.07585495022737991,0.09131119316541583,13,Q3,Q4 (high)
39820900,0,0.9529633816559226,0.8383473545612647,0.1146160270946579,0.1285387205142472,0.03443933483921868,52,Q4 (high),Q1 (low)
39821000,0,0.8453786653093499,0.8033568210449884,0.04202184426436151,0.05275776500370023,0.0389209189493643,37,Q4 (high),Q1 (low)
39821100,0,0.8504500268290931,0.839380056469377,0.01106997035971613,0.019987713311148715,0.05971427034245324,21,Q2,Q3
39821200,0,0.8243641015304644,0.8151406243174315,0.009223477213032849,0.01773708626907615,0.041710080877184794,30,Q1 (low),Q2
39821300,0,0.8461189586313493,0.840626063331248,0.00549289530010133,0.008475245467626173,0.0464393972059041,28,Q1 (low),Q2
39821400,1,0.8782686632353705,0.8727339115747839,0.00553475166058659,0.007642457922918364,0.04734007505792513,29,Q1 (low),Q2
39821500,0,0.8261356634983235,0.8232782551998199,0.002857408298503561,0.00571998202592999,0.06390630452422115,19,Q1 (low),Q3
39821600,1,0.8481531910433451,0.8198574781119894,0.028295712931355688,0.0368576938370149,0.04611149025239231,31,Q3,Q2
39821700,1,0.8224185902562835,0.8201652036011531,0.0022533866551304182,0.00395427058438302,0.0557334726207778,23,Q1 (low),Q3
39821800,0,0.7440171015215362,0.7284715095827528,0.015545591938783465,0.023765748308968587,0.025900974401324384,50,Q2,Q1 (low)
39821900,0,0.8814589235251126,0.8466820055923702,0.0347769179327424,0.042907575375105554,0.03851802719698597,37,Q3,Q1 (low)
39822000,0,0.8939651940419273,0.8893973160398188,0.004567878002108561,0.007515460022477394,0.09541666259425222,13,Q1 (low),Q4 (high)
39822100,0,0.7455770700703228,0.7335689290639257,0.012008141006397133,0.017344689124888044,0.024420639082500133,54,Q2,Q1 (low)
39822200,0,0.8565295299689605,0.8268149930678044,0.029714536901156108,0.05282190369085704,0.07168225794239604,17,Q3,Q3
39822300,0,0.8995946186118219,0.8985984767185238,0.000996141893298108,0.0012597030266404802,0.058602247876126855,24,Q1 (low),Q3
39822400,0,0.8649273888556472,0.8555779332003368,0.009349455655310424,0.017321448648036208,0.07524122772123547,16,Q1 (low),Q4 (high)
39822500,0,0.8050203615859891,0.7939618521099012,0.011058509476087885,0.015547296336472735,0.03782450509103029,34,Q2,Q1 (low)
39822600,0,0.7988893076379175,0.7919007391457606,0.006988568492156899,0.01068066593891607,0.0439165607569001,29,Q1 (low),Q2
39822700,0,0.7840541790118886,0.7825888037903188,0.0014653752215697535,0.002060521809367505,0.0370719291548251,35,Q1 (low),Q1 (low)
39822800,0,0.8977770025867812,0.8885518052644916,0.009225197322289547,0.015607038844915207,0.08902953812271502,14,Q1 (low),Q4 (high)
39822900,0,0.8949528986341333,0.8442363278419931,0.0507165707921402,0.09542230164410292,0.058153582331310405,22,Q4 (high),Q3
39823000,0,0.8432678567663094,0.7843588732597397,0.0589089835065697,0.08020125348730171,0.037697235236004406,38,Q4 (high),Q1 (low)
39823100,0,0.8108371544128035,0.8007578324912914,0.010079321921512063,0.020902906799454942,0.04406910498639982,28,Q2,Q2
39823200,0,0.8601351842428517,0.847339323429585,0.01279586081326678,0.020997936889265854,0.06546913037688189,19,Q2,Q3
39823300,0,0.7461144002832159,0.7419594404725934,0.004154959810622416,0.006623764684242484,0.016676064641122743,87,Q1 (low),Q1 (low)
39823400,0,0.9149520586033342,0.897399527494094,0.017552531109240155,0.031045026670332796,0.08773452990223068,14,Q2,Q4 (high)
39823500,0,0.866066722348809,0.8249692815901468,0.041097440758662174,0.052991413212610756,0.03780745419161091,38,Q4 (high),Q1 (low)
39823600,0,0.8284432130893047,0.7860700170741839,0.042373196015120795,0.06974312212274834,0.04065618260084196,32,Q4 (high),Q2
39823700,0,0.8256079103088083,0.7894248198554366,0.03618309045337176,0.04895111953077403,0.039550078018387065,34,Q3,Q2
39823800,0,0.7393823958941308,0.7389676837636632,0.00041471213046762045,0.0006324381143064773,0.03141876022537257,42,Q1 (low),Q1 (low)
39823900,0,0.8585403257462687,0.849810189314454,0.00873013643181475,0.012772489355322303,0.05885472117502466,21,Q1 (low),Q3
39824000,0,0.8889033516427243,0.8196318707718062,0.06927148087091806,0.11474222061578955,0.06294062543722502,21,Q4 (high),Q3
39824100,0,0.8019154946653198,0.7536804119740865,0.04823508269123322,0.06744368463102231,0.028871206014944143,47,Q4 (high),Q1 (low)
39824200,0,0.6763633191032657,0.66452370266901,0.011839616434255795,0.022679545158379007,0.017851018374173404,72,Q2,Q1 (low)
39824300,0,0.9722366903137339,0.9373842489105726,0.03485244140316135,0.04025127204520431,0.06310482090746276,24,Q3,Q3
39824400,1,0.8995455079966942,0.8855666539072031,0.013978854089491066,0.018481454952012772,0.08172884177206523,17,Q2,Q4 (high)
39824500,0,0.8123134749924483,0.7948412833658879,0.01747219162656044,0.022542460049625894,0.03376184921022478,41,Q2,Q1 (low)
39824600,0,0.6670464484913018,0.6444853352033025,0.022561113287999257,0.041845271839255474,0.016012558208444883,81,Q3,Q1 (low)
39824700,0,0.9184604202847446,0.8918240624722008,0.02663635781254381,0.037455700970724065,0.05581643612691186,25,Q3,Q3
39824800,0,0.9046997672414563,0.8790706785719107,0.025629088669545608,0.05615861282211637,0.07615181193712603,16,Q3,Q4 (high)
39824900,0,0.8731127386019357,0.8461166643692333,0.02699607423270245,0.03934652375608661,0.07180005760457299,18,Q3,Q4 (high)
39825000,0,0.8724387006334805,0.8704631313458053,0.001975569287675172,0.0031387894329455235,0.0805912102104448,15,Q1 (low),Q4 (high)
39825100,0,0.9342534982025255,0.85862320104024,0.07563029716228542,0.09907561604523431,0.059447591025587006,24,Q4 (high),Q3
39825200,0,0.8008200216196747,0.7926018216519414,0.00821819996773332,0.013297253068838562,0.04071855013055582,32,Q1 (low),Q2
39825300,0,0.8843735328554385,0.8762995908112288,0.008073942044209748,0.01770400351691509,0.08060777546146856,15,Q1 (low),Q4 (high)
39825400,0,0.9199859925783753,0.8676428678072394,0.052343124771135896,0.09738679144814996,0.07554274701038878,17,Q4 (high),Q4 (high)
39825500,0,0.8520864611939201,0.835045313564303,0.01704114762961706,0.022616828367069908,0.040220795009685256,36,Q2,Q2
39825600,0,0.6940838864571478,0.6697025310557626,0.024381355401385196,0.041204492213094614,0.019970118550995113,64,Q3,Q1 (low)
39825700,0,0.8792433492401472,0.827269957059841,0.05197339218030628,0.06609500762815894,0.020816211281711922,80,Q4 (high),Q1 (low)
39825800,0,0.8522327478312535,0.8092474599390067,0.04298528789224676,0.08058257342529422,0.05805455956491441,21,Q4 (high),Q3
39825900,0,0.84390899153528,0.8245739995638105,0.019334991971469484,0.03955593579260174,0.06609473720137861,18,Q2,Q3
39826000,1,0.8677428519176539,0.8333265563391767,0.03441629557847714,0.06894125723226631,0.0867979277271788,14,Q3,Q4 (high)
39826100,1,0.8634175851962536,0.8152521819600518,0.048165403236201776,0.062173070969882324,0.032068430458328134,52,Q4 (high),Q1 (low)
39826200,0,0.8970536917227683,0.8598879286062003,0.03716576311656794,0.05283474505256362,0.05053905995495672,28,Q3,Q2
39826300,0,0.8834564992496403,0.8585995602682468,0.024856938981393517,0.0372081970646128,0.06270287402755306,20,Q3,Q3
39826400,0,0.8691104397670031,0.8419896052642291,0.027120834502774027,0.03255496470666442,0.04233582316296388,33,Q3,Q2
39826500,1,0.934727052436672,0.8712397694465895,0.06348728299008244,0.10757480559200369,0.10339208132368526,13,Q4 (high),Q4 (high)
39826600,0,0.8376404370938086,0.8374579141017792,0.00018252299202947686,0.000350063106716669,0.05896304468864583,21,Q1 (low),Q3
39826700,0,0.8749562948966866,0.8689630569052412,0.005993237991445355,0.011395080345424073,0.052025098881227444,24,Q1 (low),Q2
39826800,0,0.9119655366168198,0.8767827445018075,0.035182792115012296,0.07589866024631302,0.08434037351503171,15,Q3,Q4 (high)
39826900,0,0.8604029025475308,0.8445011746524441,0.015901727895086704,0.029257782040678776,0.06614263078251063,19,Q2,Q3
39827000,0,0.8111986992474842,0.7780442006130653,0.03315449863441888,0.0540179939897689,0.042063777116363124,30,Q3,Q2
39827100,0,0.8251149832717619,0.8224865587706911,0.002628424501070814,0.005911431249830645,0.050517944369730394,24,Q1 (low),Q2
39827200,1,0.8841060895529742,0.8262749563774333,0.057831133175540894,0.07269253009501546,0.03917411146064139,37,Q4 (high),Q1 (low)
39827300,0,0.8377607415174821,0.817545031940424,0.020215709577058094,0.03662806564092417,0.050716527537743694,25,Q2,Q2
39827400,0,0.8512813675771114,0.8081422688355561,0.043139098741555304,0.0524865650046051,0.03792933010530933,38,Q4 (high),Q1 (low)
39827500,1,0.8675400118091599,0.8435979100184174,0.02394210179074241,0.046410090434765135,0.06837966888446449,18,Q3,Q3
39827600,0,0.8463676388070984,0.8012876032944389,0.04508003551265949,0.08017391791270974,0.04044181747400795,34,Q4 (high),Q2
39827700,0,0.8252181143201203,0.8065992885180976,0.018618825802022676,0.027468819760386443,0.03510735643180119,39,Q2,Q1 (low)
39827800,0,0.909905105041469,0.8759735816344059,0.03393152340706318,0.04208332578785903,0.07831358341526562,18,Q3,Q4 (high)
39827900,0,0.8747651277867667,0.8550592214928081,0.01970590629395863,0.03682115535152126,0.07158279543203039,17,Q2,Q3
39828000,0,0.8960229797100956,0.8581104622604669,0.03791251744962865,0.05005764091175372,0.05626554335084537,25,Q3,Q3
39828100,0,0.7233768370951768,0.6713931997477325,0.05198363734744427,0.0865478043774038,0.01853657131681495,71,Q4 (high),Q1 (low)
39828200,0,0.8644843508841897,0.842302205510072,0.02218214537411778,0.03322477366990856,0.04383433375309436,31,Q3,Q2
39828300,0,0.8777362925763585,0.8426694109636732,0.03506688161268534,0.0699180606195565,0.06481521030318937,19,Q3,Q3
39828400,0,0.9120570223803943,0.8656694855876009,0.046387536792793393,0.08833219783976642,0.08715297044505663,14,Q4 (high),Q4 (high)
39828500,0,0.7921190998567997,0.7536064758915575,0.03851262396524224,0.05274712528231377,0.033560343616720285,41,Q3,Q1 (low)
39828600,0,0.8795615868918532,0.8730430386912633,0.006518548200589835,0.011668968698296648,0.060021386120828045,21,Q1 (low),Q3
39828700,0,0.8875828365173309,0.8677197791463309,0.019863057371000026,0.0245121416854033,0.0556174166060169,25,Q2,Q3
39828800,0,0.7101540638827479,0.7100571177829131,9.694609983479374e-05,0.00015675954848470578,0.02438950158895641,52,Q1 (low),Q1 (low)
39828900,0,0.8863123412937972,0.87569803098254,0.010614310311257258,0.019459797037492527,0.060128296518884045,21,Q2,Q3
39829000,0,0.9258511403288474,0.855782374888659,0.07006876544018836,0.08534737152217287,0.05530856813346845,27,Q4 (high),Q3
39829100,1,0.9033469327382811,0.8671803043464685,0.036166628391812616,0.06018460115656753,0.06694593180144337,19,Q3,Q3
39829200,0,0.8251510759892544,0.785703116570739,0.03944795941851542,0.05297386037553525,0.04116531699605279,32,Q3,Q2
39829300,0,0.8779787769564398,0.8667810252547727,0.011197751701667036,0.02097810477357192,0.08047967093065149,15,Q2,Q4 (high)
39829400,0,0.82705643418325,0.752989388549866,0.07406704563338407,0.10655452251636578,0.045185983940416966,31,Q4 (high),Q2
39829500,0,0.929201170375294,0.8439947576614157,0.0852064127138783,0.09793560906897515,0.052228995317914494,28,Q4 (high),Q2
39829600,0,0.780070818835601,0.7745119059771024,0.0055589128584986325,0.011195864738717936,0.03848078059641426,31,Q1 (low),Q1 (low)
39829700,1,0.9410930063297538,0.922419094970818,0.018673911358935813,0.022566630969069888,0.09649919618246028,15,Q2,Q4 (high)
39829800,0,0.7099911312626176,0.6860772122421817,0.023913919020435936,0.03553324574721817,0.025349352949193455,51,Q3,Q1 (low)
39829900,0,0.9331320459688965,0.8925002461432039,0.04063179982569265,0.06633026514507565,0.09605962999370968,13,Q3,Q4 (high)
39830000,0,0.833950264271021,0.8240062751569035,0.009943989114117535,0.013555272457263517,0.034922674141511574,40,Q1 (low),Q1 (low)
39830100,0,0.9118914579382664,0.847132606543866,0.06475885139440041,0.11980456618944445,0.08310583721530906,15,Q4 (high),Q4 (high)
39830200,0,0.8508246191254514,0.8319307760757266,0.018893843049724746,0.029931811981674123,0.052657146182897185,24,Q2,Q2
39830300,0,0.8548191381530535,0.8388465291018936,0.015972609051159936,0.020182174807752945,0.04534617020311484,30,Q2,Q2
39830400,0,0.8088181303170352,0.7647154801533809,0.04410265016365433,0.06313143866841707,0.03742235622322512,37,Q4 (high),Q1 (low)
39830500,1,0.6919383759199561,0.6790798437443982,0.01285853217555788,0.019903369003944585,0.01394814523628873,100,Q2,Q1 (low)
39830600,0,0.8765149338971725,0.8496426245779483,0.02687230931922424,0.053464984862072296,0.07402051856295372,16,Q3,Q4 (high)
39830700,1,0.8931426811410699,0.8713673541456048,0.021775326995465027,0.024457560494502706,0.08296725303783868,16,Q3,Q4 (high)
39830800,0,0.8687838349071205,0.8385884293976764,0.030195405509444107,0.03980671271250326,0.03804880614277174,37,Q3,Q1 (low)
39830900,0,0.8198103134381627,0.7377498261232269,0.08206048731493576,0.11293733681956342,0.016364545793352323,96,Q4 (high),Q1 (low)
39831000,0,0.8347013948982567,0.7841285347831207,0.050572860115135954,0.06500085806920713,0.03779644196159376,37,Q4 (high),Q1 (low)
39831100,0,0.8465600682687884,0.7552163068230662,0.0913437614457222,0.1133721153094346,0.05466421788142808,25,Q4 (high),Q3
39831200,0,0.8331780499217987,0.8166442484857453,0.01653380143605332,0.033364909696381236,0.0647434651705484,19,Q2,Q3
39831300,0,0.8310148729003342,0.7800662581677792,0.050948614732554964,0.06832412110369289,0.03810765453736613,36,Q4 (high),Q1 (low)
39831400,0,0.8332864530647744,0.817352595358881,0.015933857705893395,0.02855581072315728,0.06485245734486697,20,Q2,Q3
39831500,0,0.7233006373516181,0.7184179451840569,0.004882692167561209,0.007511432991757846,0.024934245886789445,52,Q1 (low),Q1 (low)
39831600,0,0.9315954672042759,0.8680340626234773,0.06356140458079862,0.12165940729045426,0.0885416145417946,14,Q4 (high),Q4 (high)
39831700,0,0.9055530412297881,0.8946957211636454,0.010857320066142706,0.025592191281019864,0.07543532321559997,16,Q2,Q4 (high)
39831800,0,0.7790907034196384,0.7381255408584835,0.0409651625611549,0.05956269140091603,0.034554936426773326,40,Q4 (high),Q1 (low)
39831900,0,0.8948880750648136,0.8788209281402729,0.0160671469245407,0.024966703616023503,0.0836835115644032,15,Q2,Q4 (high)
39832000,0,0.8053781454620212,0.7924710353864332,0.01290711007558809,0.0404935382204471,0.08694596628847229,13,Q2,Q4 (high)
39832100,0,0.8073083010024146,0.7574096426788024,0.04989865832361218,0.07658037619066063,0.03689165319143804,37,Q4 (high),Q1 (low)
39832200,0,0.9143559231923435,0.8542827247203466,0.06007319847199688,0.11395312534475723,0.07738424871294795,16,Q4 (high),Q4 (high)
39832300,0,0.9373070097183822,0.8949588986829393,0.04234811103544289,0.061556484399197066,0.10243561711633993,13,Q4 (high),Q4 (high)
39832400,0,0.8629502786494014,0.8361502053316441,0.026800073317757356,0.04465783309872032,0.05955949185322655,21,Q3,Q3
39832500,1,0.8782955322613041,0.8673203773513265,0.01097515490997758,0.01684169052011561,0.05388070294648065,24,Q2,Q2
39832600,0,0.8144681900260917,0.7904529317416775,0.024015258284414198,0.032654874237312684,0.03355761974315952,42,Q3,Q1 (low)
39832700,0,0.8481703575970123,0.8269676877399901,0.02120266985702224,0.02961261037825499,0.045410057667399334,28,Q2,Q2
39832800,0,0.778293259195197,0.7707869569354587,0.007506302259738251,0.015395201029547561,0.039917031385282783,31,Q1 (low),Q2
39832900,0,0.7948719477133083,0.792239574278981,0.0026323734343273175,0.005588015171079492,0.03969749736195637,31,Q1 (low),Q2
39833000,0,0.7629552149687149,0.753644794674926,0.009310420293788924,0.013577841431028735,0.03278292482061594,41,Q1 (low),Q1 (low)
39833100,1,0.9137401404340807,0.8744380685161517,0.039302071917929005,0.047815767426907484,0.07747255120612755,18,Q3,Q4 (high)
39833200,0,0.849503151895662,0.841043779564421,0.008459372331240944,0.011780210656365375,0.04415775390884959,31,Q1 (low),Q2
39833300,1,0.9090996581602966,0.8964568224485201,0.01264283571177649,0.02426261151280979,0.08691218265457944,14,Q2,Q4 (high)
39833400,0,0.7895510513458982,0.7786992443065559,0.010851807039342298,0.016291480897664176,0.03639067407661667,36,Q2,Q1 (low)
39833500,0,0.7983467560497459,0.7771792840188818,0.02116747203086411,0.03072098102169775,0.03263690195726637,42,Q2,Q1 (low)
39833600,0,0.8593987718074365,0.8481644865249276,0.011234285282508916,0.025886035481322005,0.06221451279042971,19,Q2,Q3
39833700,0,0.7955934367125415,0.7794491629299771,0.016144273782564333,0.026813863264338288,0.03491019619619762,38,Q2,Q1 (low)
39833800,0,0.7701264250703242,0.7484097983590354,0.021716626711288822,0.0457171713750417,0.03950140432051939,31,Q2,Q2
39833900,0,0.843640105590252,0.8331273630952463,0.010512742495005778,0.01926468542722361,0.07366709324888542,16,Q2,Q4 (high)
39834000,0,0.890206458999856,0.870101216537339,0.020105242462516992,0.03963281759426145,0.07789172353007079,16,Q2,Q4 (high)
39834100,0,0.8777433483151309,0.8726661891910686,0.005077159124062258,0.006448292855094398,0.04861069238737119,29,Q1 (low),Q2
39834200,0,0.8871660064827356,0.884292460645146,0.002873545837589586,0.0055300122696979,0.081393796377164,15,Q1 (low),Q4 (high)
39834300,0,0.7718083481275395,0.7677625157228534,0.004045832404686145,0.006619421674763512,0.0354514993627983,38,Q1 (low),Q1 (low)
39834400,0,0.8233709311985654,0.8069224725975447,0.016448458601020732,0.021714517856405335,0.0339095821622523,42,Q2,Q1 (low)
39834500,0,0.9500688535531038,0.9250538330814296,0.025015020471674143,0.029728731673009885,0.05303908141975802,28,Q3,Q2
39834600,0,0.8731060629317953,0.8542673465661224,0.018838716365672914,0.03397538500508083,0.08563314925162453,14,Q2,Q4 (high)
39834700,0,0.9087715267448904,0.9038989891689022,0.004872537575988156,0.006906128592965409,0.05648770352316961,25,Q1 (low),Q3
39834800,0,0.875864880015568,0.8214507980074017,0.05441408200816622,0.09521011613266386,0.07562387710782338,16,Q4 (high),Q4 (high)
39834900,0,0.9064459190048696,0.8800301406020037,0.026415778402865908,0.043365038152777535,0.07591573194194362,17,Q3,Q4 (high)
39835000,0,0.8201127818065534,0.7978225640086118,0.022290217797941603,0.05230895268680083,0.047545443748143755,26,Q3,Q2
39835100,0,0.8969916270304487,0.8914178323292286,0.005573794701220103,0.009730812803058098,0.08379811274591768,15,Q1 (low),Q4 (high)
39835200,0,0.8720717197636719,0.8614478299904773,0.010623889773194617,0.013754980774046348,0.02253807534215115,75,Q2,Q1 (low)
39835300,0,0.8970119282944342,0.8906308480178193,0.006381080276614881,0.01156485708875681,0.07496247392836312,17,Q1 (low),Q4 (high)
39835400,0,0.8739187754605433,0.8034937237911398,0.0704250516694035,0.14098410363318653,0.09308555876769244,13,Q4 (high),Q4 (high)
39835500,0,0.912126399978781,0.8875888538154806,0.024537546163300394,0.0337461781564825,0.05677473010094493,23,Q3,Q3
39835600,1,0.8654780781845248,0.8403083825763835,0.025169695608141307,0.03350221139359583,0.044822284975208106,31,Q3,Q2
39835700,0,0.8285411186921526,0.8110104100374718,0.01753070865468087,0.04185542157245196,0.06882159791248664,17,Q2,Q3
39835800,0,0.8809408575403643,0.8682164969505417,0.012724360589822625,0.03118737855869333,0.0856971570649688,14,Q2,Q4 (high)
39835900,1,0.862229330965059,0.8251981308292315,0.0370312001358275,0.06520207302249241,0.05785566054192454,21,Q3,Q3
39836000,0,0.728255460131306,0.7084434324044047,0.019812027726901382,0.0314280045110192,0.025376650239923488,52,Q2,Q1 (low)
39836100,0,0.928034493114226,0.8119722192997165,0.11606227381450951,0.17805823359328582,0.09041682908472166,14,Q4 (high),Q4 (high)
39836200,0,0.8992710095676484,0.8501868442205196,0.04908416534712878,0.0994437060134949,0.11012512720577278,11,Q4 (high),Q4 (high)
39836300,0,0.9033290328798168,0.8690150687020662,0.03431396417775057,0.06991513590811406,0.08240833328565687,15,Q3,Q4 (high)
39836400,0,0.7917352278733014,0.7834788140774063,0.008256413795895146,0.011706447248870943,0.0420462934041996,32,Q1 (low),Q2
39836500,0,0.8257162330030566,0.8014045353427566,0.024311697660300058,0.0472470142602637,0.04941689055445618,25,Q3,Q2
39836600,1,0.8796257235695104,0.8563820542175034,0.023243669352007057,0.032405563658605675,0.05830498153389251,22,Q3,Q3
39836700,0,0.7378050240071172,0.7223016900756913,0.015503333931425889,0.023809845742556932,0.024608147678436047,53,Q2,Q1 (low)
39836800,0,0.7686637436654807,0.7173487864435673,0.05131495722191348,0.07154181846849784,0.01753395006838036,88,Q4 (high),Q1 (low)
39836900,0,0.8710654736246142,0.8159554596442073,0.055110013980406825,0.1016575673601474,0.07227913518774132,17,Q4 (high),Q4 (high)
39837000,0,0.9165543383176521,0.8468283581767516,0.06972598014090048,0.13298642037768782,0.08548782457004654,15,Q4 (high),Q4 (high)
39837100,0,0.8868643144109056,0.8700005732616927,0.016863741149212963,0.019375268124445025,0.050734608195157876,29,Q2,Q2
39837200,0,0.8551905300870112,0.8036458357183863,0.051544694368624855,0.06700752507590661,0.04046678115136956,34,Q4 (high),Q2
39837300,0,0.8625323280413987,0.8533657532461381,0.009166574795260618,0.018383673250614473,0.06767598349083358,18,Q1 (low),Q3
39837400,0,0.9022476178570509,0.8935727288231535,0.008674889033897348,0.013857906310459831,0.08208419495327414,15,Q1 (low),Q4 (high)
39837500,0,0.9149547093545192,0.8740463081651499,0.040908401189369226,0.06078444898758128,0.05797914666245415,23,Q4 (high),Q3
39837600,1,0.9405663206093673,0.913408545592141,0.02715777501722627,0.03571492757432967,0.05173649559226164,28,Q3,Q2
39837700,1,0.8970962145210093,0.8858009656827508,0.011295248838258498,0.015571865078292866,0.09171516709345356,14,Q2,Q4 (high)
39837800,0,0.81357834104066,0.8014205135235974,0.012157827517062514,0.021114796098057477,0.044417889469850355,29,Q2,Q2
39837900,1,0.8881374356507699,0.8091219231650018,0.0790155124857681,0.09868220179403649,0.047871796132919836,29,Q4 (high),Q2
39838000,0,0.8906545644520947,0.8704887878152818,0.02016577663681285,0.03481142261996988,0.0816700864981234,15,Q2,Q4 (high)
39838100,1,0.8929079909562789,0.851744276628509,0.041163714327769885,0.05108025806199637,0.05437675219132721,26,Q4 (high),Q2
39838200,0,0.8575640511122488,0.847346705657066,0.010217345455182714,0.019568048151402027,0.08553676352419577,14,Q2,Q4 (high)
39838300,0,0.8333109913679322,0.8329405970112662,0.00037039435666597065,0.0005902138123365795,0.04556342336368573,27,Q1 (low),Q2
39838400,0,0.8611098567340726,0.7737764422376301,0.0873334144964425,0.14429020638576165,0.051523434884939205,25,Q4 (high),Q2
39838500,0,0.8256719884453388,0.8209805173111984,0.004691471134140479,0.01041477258514384,0.06568222937411769,18,Q1 (low),Q3
39838600,0,0.8897995888177384,0.8837948474296202,0.006004741388118129,0.011459944208987683,0.07029343908357834,17,Q1 (low),Q3
39838700,0,0.861116692814303,0.8591538180400694,0.001962874774233625,0.004068957776942014,0.06629483459758696,18,Q1 (low),Q3
39838800,0,0.8712753785022291,0.8677872488058478,0.003488129696381348,0.0053154372474328426,0.06828718801487371,20,Q1 (low),Q3
39838900,0,0.8117219652093315,0.7883911669242009,0.023330798285130627,0.033066126491332795,0.023005541475052186,64,Q3,Q1 (low)
39839000,0,0.788554518942975,0.773477983546227,0.015076535396748025,0.024034550462926362,0.03592936307240859,35,Q2,Q1 (low)
39839100,0,0.7942312814827615,0.7679228236526354,0.02630845783012603,0.039269044457495225,0.03231904940423659,42,Q3,Q1 (low)
39839200,1,0.8610433804371458,0.8344526163580523,0.026590764079093443,0.03568491266965134,0.04758487716379121,28,Q3,Q2
39839300,0,0.8186034803306766,0.8175803909727468,0.0010230893579298295,0.001455655194240209,0.03874090745224245,35,Q1 (low),Q1 (low)
39839400,0,0.8083027991930026,0.7693497605627648,0.0389530386302378,0.05123599525828363,0.03295030393261117,42,Q3,Q1 (low)
39839500,0,0.915945121187528,0.8718691256144163,0.044075995573111704,0.05470315734945881,0.04028776094778686,37,Q4 (high),Q2
39839600,0,0.8701203752004865,0.8103355223177788,0.05978485288270763,0.11132522513651429,0.08033059605078802,16,Q4 (high),Q4 (high)
39839700,0,0.8692981898008654,0.8630695618367239,0.0062286279641414755,0.011125719105766887,0.04720625815056565,28,Q1 (low),Q2
39839800,0,0.8019741000616452,0.7908985412945493,0.011075558767095872,0.014440534149200579,0.03471168560203382,40,Q2,Q1 (low)
39839900,0,0.7303798090530244,0.6648607745793126,0.06551903447371177,0.10548019453765073,0.01915170822194652,71,Q4 (high),Q1 (low)
39840000,0,0.8842649319962457,0.8659459412544941,0.018318990741751584,0.03637898517552465,0.07994756930752807,15,Q2,Q4 (high)
39840100,0,0.8246914672312895,0.8185191970667567,0.0061722701645328115,0.010807789882176382,0.04503303963290204,28,Q1 (low),Q2
39840200,0,0.8570336233526427,0.8301246900723183,0.0269089332803244,0.036779847615507726,0.05627261377137756,23,Q3,Q3
39840300,0,0.8807737915449607,0.8429908364619817,0.03778295508297902,0.046932411302507956,0.05342489861223885,27,Q3,Q2
39840400,0,0.6868283423824939,0.658593247225212,0.028235095157281953,0.0448403563566159,0.015102982012520937,92,Q3,Q1 (low)
39840500,0,0.8553863117415865,0.8425665405484046,0.012819771193181895,0.023816953678756796,0.05649866705189366,22,Q2,Q3
39840600,0,0.8979299838262387,0.8809354922683308,0.016994491557907887,0.02800312942269014,0.08079821876597934,15,Q2,Q4 (high)
39840700,0,0.8946821108293959,0.8397265305939532,0.05495558023544267,0.06841262226953189,0.06488926099253531,22,Q4 (high),Q3
39840800,0,0.8583343559740187,0.8478553373312593,0.010479018642759463,0.01992340534695585,0.060500726488631494,21,Q2,Q3
39840900,0,0.9242579025397148,0.842586721335701,0.08167118120401384,0.1613697756946679,0.09526063204961706,13,Q4 (high),Q4 (high)
39841000,0,0.8853982151521942,0.8527385443339573,0.03265967081823684,0.0685307201521609,0.07475810011928229,16,Q3,Q4 (high)
39841100,0,0.8751063251089046,0.8696562924056719,0.005450032703232743,0.012670211591388623,0.07956528291031495,15,Q1 (low),Q4 (high)
39841200,0,0.9004206377922334,0.8868288908471171,0.013591746945116223,0.018695430495732957,0.04543771657505704,30,Q2,Q2
39841300,0,0.9354100671606291,0.7996376605696995,0.1357724065909296,0.15304329406525446,0.020082051037056285,91,Q4 (high),Q1 (low)
39841400,0,0.8414681229479102,0.8201460451509075,0.02132207779700268,0.027754621365140935,0.03767064302732243,39,Q2,Q1 (low)
39841500,0,0.7465949020359263,0.6608622565652109,0.08573264547071535,0.13023516385345685,0.020319065782291822,68,Q4 (high),Q1 (low)
39841600,0,0.8751240426500047,0.8596435782556247,0.01548046439438,0.026061522996285478,0.04164686636819809,32,Q2,Q2
39841700,0,0.8195542500528357,0.8028447265781113,0.01670952347472432,0.028549637691019942,0.04513165558265948,28,Q2,Q2
39841800,0,0.8379693230573158,0.8354891452587787,0.002480177798537042,0.0047866109841096655,0.08092417440317416,15,Q1 (low),Q4 (high)
39841900,0,0.8444658647428493,0.8329830561410291,0.011482808601820271,0.020620605358111284,0.06690207963064868,18,Q2,Q3
39842000,0,0.848447841640661,0.8474561711655089,0.00099167047515214,0.002351388501965031,0.06548382009318238,18,Q1 (low),Q3
39842100,0,0.8716675381549348,0.8438052360052726,0.027862302149662233,0.04749865590463776,0.05489936484183201,23,Q3,Q3
39842200,0,0.7982344349591854,0.7781328663004774,0.020101568658708047,0.029204175386013696,0.03730935401117835,35,Q2,Q1 (low)
39842300,0,0.8626046904696933,0.7730116301743405,0.08959306029535286,0.11465726001737629,0.04613201721347937,31,Q4 (high),Q2
39842400,1,0.8904859096825415,0.8450236422053559,0.045462267477185625,0.059993059949784044,0.03999974031419256,37,Q4 (high),Q2
39842500,0,0.8752341591470214,0.8708453920011179,0.004388767145903527,0.006275604286928369,0.03947108521557407,36,Q1 (low),Q2
39842600,0,0.8859530012366795,0.8344863435991529,0.05146665763752667,0.09435739360430714,0.07355621987387036,17,Q4 (high),Q4 (high)
39842700,0,0.7769789721076603,0.7280338803139088,0.048945091793751505,0.07715331819538261,0.026912189194616225,49,Q4 (high),Q1 (low)
39842800,0,0.866070050106468,0.8598728813041208,0.006197168802347219,0.00918324721004609,0.05623802208623866,22,Q1 (low),Q3
39842900,0,0.87969507140615,0.8245671350497634,0.055127936356386575,0.10006266097783142,0.06893895071503436,18,Q4 (high),Q3
39843000,0,0.7779907699212543,0.7678252666849814,0.010165503236272855,0.014279879608107825,0.03327638044290944,40,Q2,Q1 (low)
39843100,0,0.7231277743496876,0.6926975467068337,0.030430227642853858,0.05345130781370926,0.01889047903102787,71,Q3,Q1 (low)
39843200,0,0.8233474301709612,0.8168839514912769,0.006463478679684331,0.008839156487882199,0.04019569813304317,35,Q1 (low),Q2
39843300,0,0.9159227047018157,0.9114253857078636,0.004497318993952115,0.0056562665544556846,0.04701526629146245,30,Q1 (low),Q2
39843400,0,0.8513356232061544,0.8161319444404478,0.035203678765706625,0.046117986078527094,0.041333376662201396,35,Q3,Q2
39843500,1,0.8510468798378951,0.8308018142120834,0.02024506562581163,0.04096780628092636,0.04978758356914436,26,Q2,Q2
39843600,0,0.8910142189565888,0.8681706903525781,0.022843528604010732,0.033972852147524664,0.051471787351394904,26,Q3,Q2
39843700,1,0.9223740120910693,0.8755546409584232,0.046819371132646115,0.09591286622992252,0.08700938942086617,14,Q4 (high),Q4 (high)
39843800,1,0.8413519748480074,0.8260156310158303,0.01533634383217708,0.02352944246635802,0.05563739360940005,22,Q2,Q3
39843900,1,0.944694965967781,0.9048542741681438,0.03984069179963723,0.05965173303812024,0.10030003533156741,13,Q3,Q4 (high)
39844000,0,0.8172484077026214,0.6415143869836896,0.17573402071893185,0.24060156914128714,0.015996381120442316,99,Q4 (high),Q1 (low)
39844100,0,0.888113090662052,0.8329312365298384,0.05518185413221366,0.06908442668382773,0.042113852618404085,34,Q4 (high),Q2
39844200,0,0.856373496525627,0.7963168085408934,0.060056687984733625,0.10973306775493463,0.043975590899432565,30,Q4 (high),Q2
39844300,0,0.8637838280949691,0.8522982817063809,0.01148554638858823,0.013482674197159915,0.05538354830924809,26,Q2,Q3
39844400,0,0.8756014763677776,0.8683345682459496,0.007266908121828064,0.013756068447421364,0.06820678777438804,18,Q1 (low),Q3
39844500,0,0.8370693242692953,0.8046933696865393,0.032375954582755995,0.057312911016079715,0.04713824733973371,27,Q3,Q2
39844600,0,0.8896997160704021,0.8685940560613211,0.021105660009080984,0.02768392446061344,0.05322745257925802,27,Q2,Q2
39844700,0,0.9148729422930129,0.8844537703229258,0.030419171970087033,0.05318866618696569,0.07119180189903702,18,Q3,Q3
39844800,0,0.9153255636328002,0.8610471219272609,0.054278441705539304,0.06618317893765062,0.07155289026947323,19,Q4 (high),Q3
39844900,1,0.9154581138625215,0.8387074356580779,0.07675067820444359,0.18439370815359174,0.08144145631689739,15,Q4 (high),Q4 (high)
39845000,0,0.8204526167242504,0.6623524985474184,0.158100118176832,0.21181755281167816,0.01678581772607331,96,Q4 (high),Q1 (low)
39845100,0,0.8141068567035018,0.7996546604302153,0.014452196273286533,0.019444690233413896,0.036519520781399875,37,Q2,Q1 (low)
39845200,0,0.9166795086856288,0.8865475406084851,0.03013196807714369,0.03847734260044717,0.07315513986154655,19,Q3,Q4 (high)
39845300,0,0.8381967974893787,0.8326076324353195,0.005589165054059153,0.011964443338615372,0.050326409012952725,24,Q1 (low),Q2
39845400,0,0.8031514471890067,0.7657424032425302,0.03740904394647648,0.04911693869601223,0.03733926982637653,37,Q3,Q1 (low)
39845500,0,0.8578376921049885,0.8453653719094647,0.0124723201955238,0.025908961951863645,0.08558641507416934,14,Q2,Q4 (high)
39845600,1,0.7491213075425508,0.739615854672068,0.009505452870482767,0.01401991454336182,0.031069366564913922,42,Q1 (low),Q1 (low)
39845700,0,0.8689777669354377,0.8617690662861991,0.00720870064923862,0.012424541008647325,0.07093678320432778,17,Q1 (low),Q3
39845800,0,0.7864012175748418,0.7798775007870316,0.006523716787810274,0.01578688922726491,0.05234886917311859,22,Q1 (low),Q2
39845900,0,0.8757509972518024,0.8576463302786878,0.018104666973114636,0.03454584583097118,0.07131794740748126,17,Q2,Q3
39846000,0,0.7775392731969352,0.647855186265399,0.1296840869315362,0.3072291912939818,0.1309604898682671,10,Q4 (high),Q4 (high)
39846100,0,0.9168520816161878,0.8861556824404877,0.030696399175700106,0.04246400211516363,0.0670991699326949,21,Q3,Q3
39846200,0,0.8371365463599165,0.8248929291553678,0.012243617204548696,0.018680455085944427,0.04185399392281777,32,Q2,Q2
39846300,1,0.8672503326161746,0.8227377148997048,0.04451261771646975,0.061019345328091425,0.05091291070233015,26,Q4 (high),Q2
39846400,0,0.9110047167243746,0.8892283588387108,0.02177635788566379,0.034797126833667834,0.08954058649114083,14,Q3,Q4 (high)
39846500,1,0.9458615562102777,0.9162194808220308,0.029642075388246925,0.03942277671262714,0.08898377390052854,16,Q3,Q4 (high)
39846600,0,0.777228644341977,0.7727257296397996,0.004502914702177452,0.006785516373937284,0.03339748605645265,40,Q1 (low),Q1 (low)
39846700,0,0.8670848532410336,0.8459082711117828,0.021176582129250776,0.04194548363362215,0.06700280655973118,19,Q2,Q3
39846800,0,0.8006885187505932,0.7804194180867832,0.020269100663810047,0.03026156268382478,0.04602181026993627,28,Q2,Q2
39846900,0,0.8622732746481399,0.817397939709354,0.044875334938785816,0.13049020462554708,0.07797574979486482,15,Q4 (high),Q4 (high)
39847000,0,0.9021405453868729,0.8455470638472498,0.05659348153962318,0.12165369046464757,0.08012878955043398,15,Q4 (high),Q4 (high)
39847100,0,0.8952458061283854,0.8900907979890788,0.005155008139306694,0.006337686397105818,0.0611515946570024,23,Q1 (low),Q3
39847200,0,0.8771766582501133,0.8249447777365772,0.05223188051353611,0.0924265421341237,0.06803049771374615,19,Q4 (high),Q3
39847300,0,0.8504730453698026,0.8387628847740948,0.011710160595707841,0.020100535730536176,0.09278075917202279,13,Q2,Q4 (high)
39847400,1,0.9015566295312687,0.878224760178113,0.023331869353155676,0.04878690194921036,0.08070782881268262,15,Q3,Q4 (high)
39847500,1,0.7911124240482157,0.7734686405087954,0.01764378353942031,0.02761462144446868,0.04496319847350333,29,Q2,Q2
39847600,0,0.7869494160053983,0.7820273944289586,0.004922021576439617,0.007132218726973117,0.03644005444450659,35,Q1 (low),Q1 (low)
39847700,0,0.8950006336887026,0.8898797464168868,0.0051208872718158105,0.00866743175465644,0.06949939926752127,18,Q1 (low),Q3
39847800,0,0.8853747522297744,0.8221433627089082,0.06323138952086615,0.07622611950603013,0.06400775273403661,24,Q4 (high),Q3
39847900,0,0.8670785880110131,0.8510900756594582,0.015988512351554962,0.03349904328048076,0.08714101043889505,13,Q2,Q4 (high)
39848000,0,0.90562461042769,0.8984415284632261,0.007183081964463933,0.00833048849421003,0.04798256885908926,31,Q1 (low),Q2
39848100,0,0.844865301255983,0.8132319610523836,0.031633340203599425,0.042753357137898906,0.03665315473397388,39,Q3,Q1 (low)
39848200,0,0.89322091133419,0.8524406764348821,0.04078023489930793,0.07870717212353884,0.06557182524730264,19,Q3,Q3
39848300,0,0.7908836745756573,0.781763112320042,0.009120562255615305,0.013295865155022056,0.0334597995052376,41,Q1 (low),Q1 (low)
39848400,0,0.8817817354522104,0.8760227050197107,0.005759030432499701,0.010141395403363855,0.08964642003296665,14,Q1 (low),Q4 (high)
39848500,0,0.8501279084335452,0.8366813915296317,0.013446516903913519,0.018209426504293597,0.04981757870724488,26,Q2,Q2
39848600,0,0.9212585832867168,0.8408324448366276,0.08042613845008928,0.12828802021012828,0.09061579312140515,14,Q4 (high),Q4 (high)
39848700,0,0.8334264917659562,0.803679598965136,0.029746892800820213,0.04455858644869661,0.037799458742560035,37,Q3,Q1 (low)
39848800,0,0.8469264867453079,0.8206040053792045,0.02632248136610338,0.05004192545445302,0.051558382676928374,25,Q3,Q2
39848900,0,0.8725993786421125,0.856708115639796,0.01589126300231647,0.025689375716922938,0.06804968857707708,19,Q2,Q3
39849000,0,0.8498005883376571,0.846174207999937,0.0036263803377201143,0.006566466370406288,0.10426691779650302,11,Q1 (low),Q4 (high)
39849100,0,0.8954243660298895,0.89094857119753,0.004475794832359492,0.007923404701359788,0.09076504777253941,13,Q1 (low),Q4 (high)
39849200,0,0.6618069518590075,0.6582945066905699,0.003512445168437628,0.006154883900144362,0.013238120718807775,102,Q1 (low),Q1 (low)
39849300,0,0.9038576482265255,0.8298441238500138,0.07401352437651165,0.11358043922990572,0.05671175984447009,23,Q4 (high),Q3
39849400,0,0.9259417185893616,0.8841358089015339,0.041805909687827714,0.05836441705197807,0.05475179919227654,25,Q4 (high),Q3
39849500,1,0.9097349789460532,0.8785367035098145,0.031198275436238654,0.05631950102141591,0.08431916193852033,15,Q3,Q4 (high)
39849600,1,0.8084849512881414,0.7898735087429241,0.018611442545217294,0.02440510777971746,0.02281177274606082,70,Q2,Q1 (low)
39849700,0,0.8625183756077273,0.8318005836400266,0.030717791967700636,0.040675629446102333,0.040438426402435806,35,Q3,Q2
39849800,0,0.9283642756395984,0.8668255871130852,0.06153868852651323,0.07670646229095068,0.06083332165849873,24,Q4 (high),Q3
39849900,0,0.9150935248809848,0.9085531976386565,0.0065403272423283365,0.015013436319010507,0.08041873259433034,15,Q1 (low),Q4 (high)
39850000,0,0.9622355744524254,0.9103108731661606,0.05192470128626481,0.06163979561035259,0.060837750044150964,25,Q4 (high),Q3
39850100,0,0.8028231106023899,0.7302356188347054,0.07258749176768442,0.1043805557294587,0.03737201753250718,36,Q4 (high),Q1 (low)
39850200,0,0.8934212680269593,0.8742831716856803,0.019138096341279054,0.03397596499860593,0.0781480312728634,16,Q2,Q4 (high)
39850300,1,0.8329174034537172,0.7974297269465833,0.035487676507133914,0.07425837654510253,0.05522156101050141,22,Q3,Q3
39850400,0,0.8775656924847013,0.8367761430665293,0.04078954941817203,0.05800386635291474,0.050945475283515604,25,Q3,Q2
39850500,0,0.9010257455153754,0.8633234817867944,0.03770226372858099,0.04522518858418659,0.04095460572879595,42,Q3,Q2
39850600,0,0.8646631065099495,0.7798151941952016,0.08484791231474786,0.14990881738678874,0.08510091069326818,15,Q4 (high),Q4 (high)
39850700,0,0.8545988479627151,0.8499810057448405,0.004617842217874646,0.006814539714585372,0.06021655099159138,21,Q1 (low),Q3
39850800,0,0.870004906769723,0.8203741354737668,0.049630771295956166,0.0878565314815814,0.04859903089054492,27,Q4 (high),Q2
39850900,0,0.8588754230295705,0.8361368921490145,0.022738530880555996,0.037971969683050735,0.06363857150319502,19,Q3,Q3
39851000,0,0.7963747822256825,0.7881766086070576,0.008198173618624849,0.011031327682742157,0.03235212327078621,42,Q1 (low),Q1 (low)
39851100,1,0.7676654230924292,0.7614309308494156,0.006234492243013645,0.008974198533926349,0.02675983906763073,49,Q1 (low),Q1 (low)
39851200,0,0.820944275453851,0.8165838482007786,0.004360427253072396,0.008378187865660663,0.05613487651077039,21,Q1 (low),Q3
39851300,0,0.8522283638158001,0.7697577369153181,0.08247062690048201,0.09936696613633779,0.03778942804744815,37,Q4 (high),Q1 (low)
39851400,0,0.878909158628712,0.8720701847439003,0.006838973884811694,0.0137620794413088,0.06676974563295222,18,Q1 (low),Q3
39851500,0,0.8593468542333111,0.8157957200680663,0.04355113416524481,0.10059564978147292,0.07404166838669293,16,Q4 (high),Q4 (high)
39851600,0,0.8530912947688303,0.8354706720909042,0.01762062267792608,0.02342183350679523,0.04109482143796863,35,Q2,Q2
39851700,0,0.8426034706798915,0.8382927718691741,0.004310698810717439,0.007351726239562473,0.06572143611179017,18,Q1 (low),Q3
39851800,1,0.8376470548129084,0.8072544074006383,0.030392647412270102,0.044015192649402936,0.044240112746510143,31,Q3,Q2
39851900,0,0.8347851223831309,0.8228735033194207,0.011911619063710188,0.038068790131378434,0.10270704102741887,11,Q2,Q4 (high)
39852000,0,0.8533288238178257,0.850700326755777,0.002628497062048707,0.004824421787519512,0.06469616431899002,19,Q1 (low),Q3
39852100,0,0.8584575991908113,0.7675268636931536,0.09093073549765773,0.17467391516462275,0.053060501772638415,23,Q4 (high),Q2
39852200,0,0.8147968286277312,0.8049741775012533,0.009822651126477844,0.014624177091028489,0.045820991618606144,29,Q1 (low),Q2
39852300,0,0.8730542465613097,0.8049760474075492,0.06807819915376045,0.09470828477708375,0.0583162225644835,22,Q4 (high),Q3
39852400,0,0.9160795949627593,0.8336258802174814,0.08245371474527785,0.10312898267911125,0.022281340249610714,80,Q4 (high),Q1 (low)
39852500,0,0.8386739977622377,0.831608902439259,0.0070650953229787206,0.008881543710515695,0.03572432456365289,45,Q1 (low),Q1 (low)
39852600,0,0.8846673245769716,0.8536758101943027,0.030991514382668894,0.0404720518846195,0.04743436958840171,30,Q3,Q2
39852700,0,0.9120174556124255,0.8947227847758801,0.017294670836545456,0.020395882693053435,0.06901316928030861,21,Q2,Q3
39852800,0,0.7623611465765432,0.7387456142346045,0.023615532341938694,0.037535770055680234,0.04340769484563577,29,Q3,Q2
39852900,0,0.8266412182116163,0.817922628953997,0.008718589257619258,0.01151745770499859,0.038134756753631,35,Q1 (low),Q1 (low)
39853000,1,0.8963199866555385,0.8915728695325523,0.004747117122986144,0.008048949463045041,0.10294141631881994,11,Q1 (low),Q4 (high)
39853100,0,0.8411384728271952,0.8395708682200737,0.0015676046071215755,0.0032430257903755004,0.054778120605199467,23,Q1 (low),Q3
39853200,0,0.8604369019004817,0.8346575754912305,0.02577932640925118,0.04402652668573752,0.06393350097194152,20,Q3,Q3
39853300,0,0.9144242018058714,0.9100446697908084,0.004379532015062915,0.009373665515772718,0.0927171239519359,13,Q1 (low),Q4 (high)
39853400,0,0.7309685640697086,0.7193848025724447,0.011583761497263811,0.01919467202552652,0.023015443841655877,56,Q2,Q1 (low)
39853500,0,0.7089376435496664,0.6862554471288876,0.022682196420778733,0.03491529317631998,0.02339536827899856,54,Q3,Q1 (low)
39853600,1,0.8926406744005202,0.8494486844220046,0.04319198997851559,0.052807150356807886,0.06723495506995146,22,Q4 (high),Q3
39853700,0,0.8468125036505932,0.8463643564434564,0.00044814720713681755,0.0009021595708209086,0.07450499470631605,16,Q1 (low),Q4 (high)
39853800,0,0.7171685636303065,0.6959399496404968,0.021228613989809686,0.033046507723892664,0.02044361769898662,65,Q2,Q1 (low)
39853900,0,0.8595991275280581,0.8455789407365448,0.01402018679151329,0.024703020525798015,0.08589748294239623,14,Q2,Q4 (high)
39854000,0,0.7841857888179435,0.6588894396775672,0.12529634914037635,0.17806666465813342,0.01628314157393076,94,Q4 (high),Q1 (low)
39854100,0,0.8369507285055953,0.8107891966700429,0.026161531835552365,0.0475983194517044,0.03852514576806829,33,Q3,Q1 (low)
39854200,0,0.9043436976370753,0.7712065077112368,0.13313718992583856,0.15853676880199888,0.049473428349177555,30,Q4 (high),Q2
39854300,0,0.7656216413597534,0.7629771124121107,0.002644528947642666,0.003851998280018821,0.026876164821143748,49,Q1 (low),Q1 (low)
39854400,0,0.7734545182807783,0.7629562099660484,0.010498308314729865,0.025265066441958313,0.052269809731989324,22,Q2,Q2
39854500,0,0.8448389006484758,0.8138026984426283,0.031036202205847463,0.04036987427064356,0.04417400788357755,32,Q3,Q2
39854600,0,0.7834581027839933,0.7791673865618141,0.004290716222179247,0.006678040478355392,0.032760981022589224,41,Q1 (low),Q1 (low)
39854700,0,0.8743994366550533,0.8608402639516077,0.013559172703445532,0.017933862908431884,0.04041564852218562,35,Q2,Q2
39854800,0,0.7811373926346381,0.7471143455599494,0.03402304707468873,0.05088473546693412,0.03476917350154116,38,Q3,Q1 (low)
39854900,0,0.815158823750879,0.8133423055354717,0.0018165182154072923,0.002562911943689817,0.041872204316585886,32,Q1 (low),Q2
39855000,0,0.9438665283607244,0.8875436221272308,0.056322906233493564,0.09539281885283779,0.07630358402345706,17,Q4 (high),Q4 (high)
39855100,0,0.8233557070667936,0.8170174241664632,0.00633828290033045,0.013268313289380496,0.0813371081782673,14,Q1 (low),Q4 (high)
39855200,0,0.8727093988570924,0.8527964114793428,0.019912987377749602,0.03955013593448728,0.09120899336060549,13,Q2,Q4 (high)
39855300,0,0.8687331362721109,0.8174705683003232,0.05126256797178774,0.08202503059154052,0.0574358243233997,22,Q4 (high),Q3
39855400,0,0.8975228599882965,0.8517414728885984,0.045781387099698145,0.0824912781875407,0.1072786770730166,11,Q4 (high),Q4 (high)
39855500,1,0.8834866307387987,0.8522724068045254,0.03121422393427331,0.05515367001495268,0.07185107854941804,17,Q3,Q4 (high)
39855600,0,0.8804922100744645,0.8690578991057163,0.011434310968748251,0.021107195387608083,0.07231954806258828,17,Q2,Q4 (high)
39855700,0,0.855617132147559,0.8293178200282392,0.026299312119319795,0.04894242648803497,0.05825509957757232,21,Q3,Q3
39855800,0,0.8269427325214112,0.8098020111811153,0.017140721340295872,0.03198988231335059,0.07251729647169276,16,Q2,Q4 (high)
39855900,0,0.8496172155895778,0.8335524990763037,0.016064716513274124,0.0328144589389783,0.0673618111822448,18,Q2,Q3
39856000,0,0.8807858147990788,0.7891326508125788,0.09165316398650003,0.1191023793204608,0.049793225993943285,29,Q4 (high),Q2
39856100,0,0.8731750518476089,0.8553017904546738,0.017873261392935103,0.03859442814869738,0.0996069396262424,12,Q2,Q4 (high)
39856200,0,0.870985451286479,0.8419147440626029,0.029070707223876058,0.044413860374429716,0.06926901637695462,20,Q3,Q3
39856300,0,0.7474670854223755,0.7388238079208078,0.008643277501567681,0.014610960113267828,0.026491269783199236,49,Q1 (low),Q1 (low)
39856400,0,0.8497355817882717,0.8466497403213815,0.0030858414668901712,0.006390836936236773,0.06416986231678348,18,Q1 (low),Q3
39856500,1,0.8838915994774861,0.8534428311221729,0.030448768355313183,0.03829345924247015,0.04255148700353653,39,Q3,Q2
39856600,0,0.9401053875232823,0.8904117890557871,0.049693598467495215,0.0603565393695652,0.04756516542652204,31,Q4 (high),Q2
39856700,0,0.8945115039404282,0.8510176759115385,0.04349382802888968,0.06533794884909948,0.05515804351297527,25,Q4 (high),Q3
